phase,layer_id,rank,expert_id,selection_count,total_selections,probability,cumulative_probability
prefill,0,1,4,1,18,0.0555555555555556,0.0555555555555556
prefill,0,2,17,1,18,0.0555555555555556,0.111111111111111
prefill,0,3,23,1,18,0.0555555555555556,0.166666666666667
prefill,0,4,57,1,18,0.0555555555555556,0.222222222222222
prefill,0,5,109,1,18,0.0555555555555556,0.277777777777778
prefill,0,6,115,1,18,0.0555555555555556,0.333333333333333
prefill,0,7,122,1,18,0.0555555555555556,0.388888888888889
prefill,0,8,182,1,18,0.0555555555555556,0.444444444444445
prefill,0,9,185,1,18,0.0555555555555556,0.5
prefill,0,10,187,1,18,0.0555555555555556,0.555555555555556
prefill,0,11,191,1,18,0.0555555555555556,0.611111111111111
prefill,0,12,202,1,18,0.0555555555555556,0.666666666666667
prefill,0,13,213,1,18,0.0555555555555556,0.722222222222222
prefill,0,14,223,1,18,0.0555555555555556,0.777777777777778
prefill,0,15,225,1,18,0.0555555555555556,0.833333333333334
prefill,0,16,239,1,18,0.0555555555555556,0.888888888888889
prefill,0,17,244,1,18,0.0555555555555556,0.944444444444445
prefill,0,18,245,1,18,0.0555555555555556,1
prefill,0,19,0,0,18,0,1
prefill,0,20,1,0,18,0,1
prefill,0,21,2,0,18,0,1
prefill,0,22,3,0,18,0,1
prefill,0,23,5,0,18,0,1
prefill,0,24,6,0,18,0,1
prefill,0,25,7,0,18,0,1
prefill,0,26,8,0,18,0,1
prefill,0,27,9,0,18,0,1
prefill,0,28,10,0,18,0,1
prefill,0,29,11,0,18,0,1
prefill,0,30,12,0,18,0,1
prefill,0,31,13,0,18,0,1
prefill,0,32,14,0,18,0,1
prefill,0,33,15,0,18,0,1
prefill,0,34,16,0,18,0,1
prefill,0,35,18,0,18,0,1
prefill,0,36,19,0,18,0,1
prefill,0,37,20,0,18,0,1
prefill,0,38,21,0,18,0,1
prefill,0,39,22,0,18,0,1
prefill,0,40,24,0,18,0,1
prefill,0,41,25,0,18,0,1
prefill,0,42,26,0,18,0,1
prefill,0,43,27,0,18,0,1
prefill,0,44,28,0,18,0,1
prefill,0,45,29,0,18,0,1
prefill,0,46,30,0,18,0,1
prefill,0,47,31,0,18,0,1
prefill,0,48,32,0,18,0,1
prefill,0,49,33,0,18,0,1
prefill,0,50,34,0,18,0,1
prefill,0,51,35,0,18,0,1
prefill,0,52,36,0,18,0,1
prefill,0,53,37,0,18,0,1
prefill,0,54,38,0,18,0,1
prefill,0,55,39,0,18,0,1
prefill,0,56,40,0,18,0,1
prefill,0,57,41,0,18,0,1
prefill,0,58,42,0,18,0,1
prefill,0,59,43,0,18,0,1
prefill,0,60,44,0,18,0,1
prefill,0,61,45,0,18,0,1
prefill,0,62,46,0,18,0,1
prefill,0,63,47,0,18,0,1
prefill,0,64,48,0,18,0,1
prefill,0,65,49,0,18,0,1
prefill,0,66,50,0,18,0,1
prefill,0,67,51,0,18,0,1
prefill,0,68,52,0,18,0,1
prefill,0,69,53,0,18,0,1
prefill,0,70,54,0,18,0,1
prefill,0,71,55,0,18,0,1
prefill,0,72,56,0,18,0,1
prefill,0,73,58,0,18,0,1
prefill,0,74,59,0,18,0,1
prefill,0,75,60,0,18,0,1
prefill,0,76,61,0,18,0,1
prefill,0,77,62,0,18,0,1
prefill,0,78,63,0,18,0,1
prefill,0,79,64,0,18,0,1
prefill,0,80,65,0,18,0,1
prefill,0,81,66,0,18,0,1
prefill,0,82,67,0,18,0,1
prefill,0,83,68,0,18,0,1
prefill,0,84,69,0,18,0,1
prefill,0,85,70,0,18,0,1
prefill,0,86,71,0,18,0,1
prefill,0,87,72,0,18,0,1
prefill,0,88,73,0,18,0,1
prefill,0,89,74,0,18,0,1
prefill,0,90,75,0,18,0,1
prefill,0,91,76,0,18,0,1
prefill,0,92,77,0,18,0,1
prefill,0,93,78,0,18,0,1
prefill,0,94,79,0,18,0,1
prefill,0,95,80,0,18,0,1
prefill,0,96,81,0,18,0,1
prefill,0,97,82,0,18,0,1
prefill,0,98,83,0,18,0,1
prefill,0,99,84,0,18,0,1
prefill,0,100,85,0,18,0,1
prefill,0,101,86,0,18,0,1
prefill,0,102,87,0,18,0,1
prefill,0,103,88,0,18,0,1
prefill,0,104,89,0,18,0,1
prefill,0,105,90,0,18,0,1
prefill,0,106,91,0,18,0,1
prefill,0,107,92,0,18,0,1
prefill,0,108,93,0,18,0,1
prefill,0,109,94,0,18,0,1
prefill,0,110,95,0,18,0,1
prefill,0,111,96,0,18,0,1
prefill,0,112,97,0,18,0,1
prefill,0,113,98,0,18,0,1
prefill,0,114,99,0,18,0,1
prefill,0,115,100,0,18,0,1
prefill,0,116,101,0,18,0,1
prefill,0,117,102,0,18,0,1
prefill,0,118,103,0,18,0,1
prefill,0,119,104,0,18,0,1
prefill,0,120,105,0,18,0,1
prefill,0,121,106,0,18,0,1
prefill,0,122,107,0,18,0,1
prefill,0,123,108,0,18,0,1
prefill,0,124,110,0,18,0,1
prefill,0,125,111,0,18,0,1
prefill,0,126,112,0,18,0,1
prefill,0,127,113,0,18,0,1
prefill,0,128,114,0,18,0,1
prefill,0,129,116,0,18,0,1
prefill,0,130,117,0,18,0,1
prefill,0,131,118,0,18,0,1
prefill,0,132,119,0,18,0,1
prefill,0,133,120,0,18,0,1
prefill,0,134,121,0,18,0,1
prefill,0,135,123,0,18,0,1
prefill,0,136,124,0,18,0,1
prefill,0,137,125,0,18,0,1
prefill,0,138,126,0,18,0,1
prefill,0,139,127,0,18,0,1
prefill,0,140,128,0,18,0,1
prefill,0,141,129,0,18,0,1
prefill,0,142,130,0,18,0,1
prefill,0,143,131,0,18,0,1
prefill,0,144,132,0,18,0,1
prefill,0,145,133,0,18,0,1
prefill,0,146,134,0,18,0,1
prefill,0,147,135,0,18,0,1
prefill,0,148,136,0,18,0,1
prefill,0,149,137,0,18,0,1
prefill,0,150,138,0,18,0,1
prefill,0,151,139,0,18,0,1
prefill,0,152,140,0,18,0,1
prefill,0,153,141,0,18,0,1
prefill,0,154,142,0,18,0,1
prefill,0,155,143,0,18,0,1
prefill,0,156,144,0,18,0,1
prefill,0,157,145,0,18,0,1
prefill,0,158,146,0,18,0,1
prefill,0,159,147,0,18,0,1
prefill,0,160,148,0,18,0,1
prefill,0,161,149,0,18,0,1
prefill,0,162,150,0,18,0,1
prefill,0,163,151,0,18,0,1
prefill,0,164,152,0,18,0,1
prefill,0,165,153,0,18,0,1
prefill,0,166,154,0,18,0,1
prefill,0,167,155,0,18,0,1
prefill,0,168,156,0,18,0,1
prefill,0,169,157,0,18,0,1
prefill,0,170,158,0,18,0,1
prefill,0,171,159,0,18,0,1
prefill,0,172,160,0,18,0,1
prefill,0,173,161,0,18,0,1
prefill,0,174,162,0,18,0,1
prefill,0,175,163,0,18,0,1
prefill,0,176,164,0,18,0,1
prefill,0,177,165,0,18,0,1
prefill,0,178,166,0,18,0,1
prefill,0,179,167,0,18,0,1
prefill,0,180,168,0,18,0,1
prefill,0,181,169,0,18,0,1
prefill,0,182,170,0,18,0,1
prefill,0,183,171,0,18,0,1
prefill,0,184,172,0,18,0,1
prefill,0,185,173,0,18,0,1
prefill,0,186,174,0,18,0,1
prefill,0,187,175,0,18,0,1
prefill,0,188,176,0,18,0,1
prefill,0,189,177,0,18,0,1
prefill,0,190,178,0,18,0,1
prefill,0,191,179,0,18,0,1
prefill,0,192,180,0,18,0,1
prefill,0,193,181,0,18,0,1
prefill,0,194,183,0,18,0,1
prefill,0,195,184,0,18,0,1
prefill,0,196,186,0,18,0,1
prefill,0,197,188,0,18,0,1
prefill,0,198,189,0,18,0,1
prefill,0,199,190,0,18,0,1
prefill,0,200,192,0,18,0,1
prefill,0,201,193,0,18,0,1
prefill,0,202,194,0,18,0,1
prefill,0,203,195,0,18,0,1
prefill,0,204,196,0,18,0,1
prefill,0,205,197,0,18,0,1
prefill,0,206,198,0,18,0,1
prefill,0,207,199,0,18,0,1
prefill,0,208,200,0,18,0,1
prefill,0,209,201,0,18,0,1
prefill,0,210,203,0,18,0,1
prefill,0,211,204,0,18,0,1
prefill,0,212,205,0,18,0,1
prefill,0,213,206,0,18,0,1
prefill,0,214,207,0,18,0,1
prefill,0,215,208,0,18,0,1
prefill,0,216,209,0,18,0,1
prefill,0,217,210,0,18,0,1
prefill,0,218,211,0,18,0,1
prefill,0,219,212,0,18,0,1
prefill,0,220,214,0,18,0,1
prefill,0,221,215,0,18,0,1
prefill,0,222,216,0,18,0,1
prefill,0,223,217,0,18,0,1
prefill,0,224,218,0,18,0,1
prefill,0,225,219,0,18,0,1
prefill,0,226,220,0,18,0,1
prefill,0,227,221,0,18,0,1
prefill,0,228,222,0,18,0,1
prefill,0,229,224,0,18,0,1
prefill,0,230,226,0,18,0,1
prefill,0,231,227,0,18,0,1
prefill,0,232,228,0,18,0,1
prefill,0,233,229,0,18,0,1
prefill,0,234,230,0,18,0,1
prefill,0,235,231,0,18,0,1
prefill,0,236,232,0,18,0,1
prefill,0,237,233,0,18,0,1
prefill,0,238,234,0,18,0,1
prefill,0,239,235,0,18,0,1
prefill,0,240,236,0,18,0,1
prefill,0,241,237,0,18,0,1
prefill,0,242,238,0,18,0,1
prefill,0,243,240,0,18,0,1
prefill,0,244,241,0,18,0,1
prefill,0,245,242,0,18,0,1
prefill,0,246,243,0,18,0,1
prefill,0,247,246,0,18,0,1
prefill,0,248,247,0,18,0,1
prefill,0,249,248,0,18,0,1
prefill,0,250,249,0,18,0,1
prefill,0,251,250,0,18,0,1
prefill,0,252,251,0,18,0,1
prefill,0,253,252,0,18,0,1
prefill,0,254,253,0,18,0,1
prefill,0,255,254,0,18,0,1
prefill,0,256,255,0,18,0,1
prefill,1,1,21,1,18,0.0555555555555556,0.0555555555555556
prefill,1,2,22,1,18,0.0555555555555556,0.111111111111111
prefill,1,3,53,1,18,0.0555555555555556,0.166666666666667
prefill,1,4,63,1,18,0.0555555555555556,0.222222222222222
prefill,1,5,78,1,18,0.0555555555555556,0.277777777777778
prefill,1,6,95,1,18,0.0555555555555556,0.333333333333333
prefill,1,7,112,1,18,0.0555555555555556,0.388888888888889
prefill,1,8,126,1,18,0.0555555555555556,0.444444444444445
prefill,1,9,130,1,18,0.0555555555555556,0.5
prefill,1,10,142,1,18,0.0555555555555556,0.555555555555556
prefill,1,11,150,1,18,0.0555555555555556,0.611111111111111
prefill,1,12,162,1,18,0.0555555555555556,0.666666666666667
prefill,1,13,166,1,18,0.0555555555555556,0.722222222222222
prefill,1,14,170,1,18,0.0555555555555556,0.777777777777778
prefill,1,15,172,1,18,0.0555555555555556,0.833333333333334
prefill,1,16,219,1,18,0.0555555555555556,0.888888888888889
prefill,1,17,232,1,18,0.0555555555555556,0.944444444444445
prefill,1,18,237,1,18,0.0555555555555556,1
prefill,1,19,0,0,18,0,1
prefill,1,20,1,0,18,0,1
prefill,1,21,2,0,18,0,1
prefill,1,22,3,0,18,0,1
prefill,1,23,4,0,18,0,1
prefill,1,24,5,0,18,0,1
prefill,1,25,6,0,18,0,1
prefill,1,26,7,0,18,0,1
prefill,1,27,8,0,18,0,1
prefill,1,28,9,0,18,0,1
prefill,1,29,10,0,18,0,1
prefill,1,30,11,0,18,0,1
prefill,1,31,12,0,18,0,1
prefill,1,32,13,0,18,0,1
prefill,1,33,14,0,18,0,1
prefill,1,34,15,0,18,0,1
prefill,1,35,16,0,18,0,1
prefill,1,36,17,0,18,0,1
prefill,1,37,18,0,18,0,1
prefill,1,38,19,0,18,0,1
prefill,1,39,20,0,18,0,1
prefill,1,40,23,0,18,0,1
prefill,1,41,24,0,18,0,1
prefill,1,42,25,0,18,0,1
prefill,1,43,26,0,18,0,1
prefill,1,44,27,0,18,0,1
prefill,1,45,28,0,18,0,1
prefill,1,46,29,0,18,0,1
prefill,1,47,30,0,18,0,1
prefill,1,48,31,0,18,0,1
prefill,1,49,32,0,18,0,1
prefill,1,50,33,0,18,0,1
prefill,1,51,34,0,18,0,1
prefill,1,52,35,0,18,0,1
prefill,1,53,36,0,18,0,1
prefill,1,54,37,0,18,0,1
prefill,1,55,38,0,18,0,1
prefill,1,56,39,0,18,0,1
prefill,1,57,40,0,18,0,1
prefill,1,58,41,0,18,0,1
prefill,1,59,42,0,18,0,1
prefill,1,60,43,0,18,0,1
prefill,1,61,44,0,18,0,1
prefill,1,62,45,0,18,0,1
prefill,1,63,46,0,18,0,1
prefill,1,64,47,0,18,0,1
prefill,1,65,48,0,18,0,1
prefill,1,66,49,0,18,0,1
prefill,1,67,50,0,18,0,1
prefill,1,68,51,0,18,0,1
prefill,1,69,52,0,18,0,1
prefill,1,70,54,0,18,0,1
prefill,1,71,55,0,18,0,1
prefill,1,72,56,0,18,0,1
prefill,1,73,57,0,18,0,1
prefill,1,74,58,0,18,0,1
prefill,1,75,59,0,18,0,1
prefill,1,76,60,0,18,0,1
prefill,1,77,61,0,18,0,1
prefill,1,78,62,0,18,0,1
prefill,1,79,64,0,18,0,1
prefill,1,80,65,0,18,0,1
prefill,1,81,66,0,18,0,1
prefill,1,82,67,0,18,0,1
prefill,1,83,68,0,18,0,1
prefill,1,84,69,0,18,0,1
prefill,1,85,70,0,18,0,1
prefill,1,86,71,0,18,0,1
prefill,1,87,72,0,18,0,1
prefill,1,88,73,0,18,0,1
prefill,1,89,74,0,18,0,1
prefill,1,90,75,0,18,0,1
prefill,1,91,76,0,18,0,1
prefill,1,92,77,0,18,0,1
prefill,1,93,79,0,18,0,1
prefill,1,94,80,0,18,0,1
prefill,1,95,81,0,18,0,1
prefill,1,96,82,0,18,0,1
prefill,1,97,83,0,18,0,1
prefill,1,98,84,0,18,0,1
prefill,1,99,85,0,18,0,1
prefill,1,100,86,0,18,0,1
prefill,1,101,87,0,18,0,1
prefill,1,102,88,0,18,0,1
prefill,1,103,89,0,18,0,1
prefill,1,104,90,0,18,0,1
prefill,1,105,91,0,18,0,1
prefill,1,106,92,0,18,0,1
prefill,1,107,93,0,18,0,1
prefill,1,108,94,0,18,0,1
prefill,1,109,96,0,18,0,1
prefill,1,110,97,0,18,0,1
prefill,1,111,98,0,18,0,1
prefill,1,112,99,0,18,0,1
prefill,1,113,100,0,18,0,1
prefill,1,114,101,0,18,0,1
prefill,1,115,102,0,18,0,1
prefill,1,116,103,0,18,0,1
prefill,1,117,104,0,18,0,1
prefill,1,118,105,0,18,0,1
prefill,1,119,106,0,18,0,1
prefill,1,120,107,0,18,0,1
prefill,1,121,108,0,18,0,1
prefill,1,122,109,0,18,0,1
prefill,1,123,110,0,18,0,1
prefill,1,124,111,0,18,0,1
prefill,1,125,113,0,18,0,1
prefill,1,126,114,0,18,0,1
prefill,1,127,115,0,18,0,1
prefill,1,128,116,0,18,0,1
prefill,1,129,117,0,18,0,1
prefill,1,130,118,0,18,0,1
prefill,1,131,119,0,18,0,1
prefill,1,132,120,0,18,0,1
prefill,1,133,121,0,18,0,1
prefill,1,134,122,0,18,0,1
prefill,1,135,123,0,18,0,1
prefill,1,136,124,0,18,0,1
prefill,1,137,125,0,18,0,1
prefill,1,138,127,0,18,0,1
prefill,1,139,128,0,18,0,1
prefill,1,140,129,0,18,0,1
prefill,1,141,131,0,18,0,1
prefill,1,142,132,0,18,0,1
prefill,1,143,133,0,18,0,1
prefill,1,144,134,0,18,0,1
prefill,1,145,135,0,18,0,1
prefill,1,146,136,0,18,0,1
prefill,1,147,137,0,18,0,1
prefill,1,148,138,0,18,0,1
prefill,1,149,139,0,18,0,1
prefill,1,150,140,0,18,0,1
prefill,1,151,141,0,18,0,1
prefill,1,152,143,0,18,0,1
prefill,1,153,144,0,18,0,1
prefill,1,154,145,0,18,0,1
prefill,1,155,146,0,18,0,1
prefill,1,156,147,0,18,0,1
prefill,1,157,148,0,18,0,1
prefill,1,158,149,0,18,0,1
prefill,1,159,151,0,18,0,1
prefill,1,160,152,0,18,0,1
prefill,1,161,153,0,18,0,1
prefill,1,162,154,0,18,0,1
prefill,1,163,155,0,18,0,1
prefill,1,164,156,0,18,0,1
prefill,1,165,157,0,18,0,1
prefill,1,166,158,0,18,0,1
prefill,1,167,159,0,18,0,1
prefill,1,168,160,0,18,0,1
prefill,1,169,161,0,18,0,1
prefill,1,170,163,0,18,0,1
prefill,1,171,164,0,18,0,1
prefill,1,172,165,0,18,0,1
prefill,1,173,167,0,18,0,1
prefill,1,174,168,0,18,0,1
prefill,1,175,169,0,18,0,1
prefill,1,176,171,0,18,0,1
prefill,1,177,173,0,18,0,1
prefill,1,178,174,0,18,0,1
prefill,1,179,175,0,18,0,1
prefill,1,180,176,0,18,0,1
prefill,1,181,177,0,18,0,1
prefill,1,182,178,0,18,0,1
prefill,1,183,179,0,18,0,1
prefill,1,184,180,0,18,0,1
prefill,1,185,181,0,18,0,1
prefill,1,186,182,0,18,0,1
prefill,1,187,183,0,18,0,1
prefill,1,188,184,0,18,0,1
prefill,1,189,185,0,18,0,1
prefill,1,190,186,0,18,0,1
prefill,1,191,187,0,18,0,1
prefill,1,192,188,0,18,0,1
prefill,1,193,189,0,18,0,1
prefill,1,194,190,0,18,0,1
prefill,1,195,191,0,18,0,1
prefill,1,196,192,0,18,0,1
prefill,1,197,193,0,18,0,1
prefill,1,198,194,0,18,0,1
prefill,1,199,195,0,18,0,1
prefill,1,200,196,0,18,0,1
prefill,1,201,197,0,18,0,1
prefill,1,202,198,0,18,0,1
prefill,1,203,199,0,18,0,1
prefill,1,204,200,0,18,0,1
prefill,1,205,201,0,18,0,1
prefill,1,206,202,0,18,0,1
prefill,1,207,203,0,18,0,1
prefill,1,208,204,0,18,0,1
prefill,1,209,205,0,18,0,1
prefill,1,210,206,0,18,0,1
prefill,1,211,207,0,18,0,1
prefill,1,212,208,0,18,0,1
prefill,1,213,209,0,18,0,1
prefill,1,214,210,0,18,0,1
prefill,1,215,211,0,18,0,1
prefill,1,216,212,0,18,0,1
prefill,1,217,213,0,18,0,1
prefill,1,218,214,0,18,0,1
prefill,1,219,215,0,18,0,1
prefill,1,220,216,0,18,0,1
prefill,1,221,217,0,18,0,1
prefill,1,222,218,0,18,0,1
prefill,1,223,220,0,18,0,1
prefill,1,224,221,0,18,0,1
prefill,1,225,222,0,18,0,1
prefill,1,226,223,0,18,0,1
prefill,1,227,224,0,18,0,1
prefill,1,228,225,0,18,0,1
prefill,1,229,226,0,18,0,1
prefill,1,230,227,0,18,0,1
prefill,1,231,228,0,18,0,1
prefill,1,232,229,0,18,0,1
prefill,1,233,230,0,18,0,1
prefill,1,234,231,0,18,0,1
prefill,1,235,233,0,18,0,1
prefill,1,236,234,0,18,0,1
prefill,1,237,235,0,18,0,1
prefill,1,238,236,0,18,0,1
prefill,1,239,238,0,18,0,1
prefill,1,240,239,0,18,0,1
prefill,1,241,240,0,18,0,1
prefill,1,242,241,0,18,0,1
prefill,1,243,242,0,18,0,1
prefill,1,244,243,0,18,0,1
prefill,1,245,244,0,18,0,1
prefill,1,246,245,0,18,0,1
prefill,1,247,246,0,18,0,1
prefill,1,248,247,0,18,0,1
prefill,1,249,248,0,18,0,1
prefill,1,250,249,0,18,0,1
prefill,1,251,250,0,18,0,1
prefill,1,252,251,0,18,0,1
prefill,1,253,252,0,18,0,1
prefill,1,254,253,0,18,0,1
prefill,1,255,254,0,18,0,1
prefill,1,256,255,0,18,0,1
decode,0,1,17,2,18,0.111111111111111,0.111111111111111
decode,0,2,182,2,18,0.111111111111111,0.222222222222222
decode,0,3,4,1,18,0.0555555555555556,0.277777777777778
decode,0,4,13,1,18,0.0555555555555556,0.333333333333333
decode,0,5,45,1,18,0.0555555555555556,0.388888888888889
decode,0,6,68,1,18,0.0555555555555556,0.444444444444445
decode,0,7,107,1,18,0.0555555555555556,0.5
decode,0,8,119,1,18,0.0555555555555556,0.555555555555556
decode,0,9,133,1,18,0.0555555555555556,0.611111111111111
decode,0,10,135,1,18,0.0555555555555556,0.666666666666667
decode,0,11,143,1,18,0.0555555555555556,0.722222222222222
decode,0,12,151,1,18,0.0555555555555556,0.777777777777778
decode,0,13,153,1,18,0.0555555555555556,0.833333333333334
decode,0,14,181,1,18,0.0555555555555556,0.888888888888889
decode,0,15,191,1,18,0.0555555555555556,0.944444444444445
decode,0,16,226,1,18,0.0555555555555556,1
decode,0,17,0,0,18,0,1
decode,0,18,1,0,18,0,1
decode,0,19,2,0,18,0,1
decode,0,20,3,0,18,0,1
decode,0,21,5,0,18,0,1
decode,0,22,6,0,18,0,1
decode,0,23,7,0,18,0,1
decode,0,24,8,0,18,0,1
decode,0,25,9,0,18,0,1
decode,0,26,10,0,18,0,1
decode,0,27,11,0,18,0,1
decode,0,28,12,0,18,0,1
decode,0,29,14,0,18,0,1
decode,0,30,15,0,18,0,1
decode,0,31,16,0,18,0,1
decode,0,32,18,0,18,0,1
decode,0,33,19,0,18,0,1
decode,0,34,20,0,18,0,1
decode,0,35,21,0,18,0,1
decode,0,36,22,0,18,0,1
decode,0,37,23,0,18,0,1
decode,0,38,24,0,18,0,1
decode,0,39,25,0,18,0,1
decode,0,40,26,0,18,0,1
decode,0,41,27,0,18,0,1
decode,0,42,28,0,18,0,1
decode,0,43,29,0,18,0,1
decode,0,44,30,0,18,0,1
decode,0,45,31,0,18,0,1
decode,0,46,32,0,18,0,1
decode,0,47,33,0,18,0,1
decode,0,48,34,0,18,0,1
decode,0,49,35,0,18,0,1
decode,0,50,36,0,18,0,1
decode,0,51,37,0,18,0,1
decode,0,52,38,0,18,0,1
decode,0,53,39,0,18,0,1
decode,0,54,40,0,18,0,1
decode,0,55,41,0,18,0,1
decode,0,56,42,0,18,0,1
decode,0,57,43,0,18,0,1
decode,0,58,44,0,18,0,1
decode,0,59,46,0,18,0,1
decode,0,60,47,0,18,0,1
decode,0,61,48,0,18,0,1
decode,0,62,49,0,18,0,1
decode,0,63,50,0,18,0,1
decode,0,64,51,0,18,0,1
decode,0,65,52,0,18,0,1
decode,0,66,53,0,18,0,1
decode,0,67,54,0,18,0,1
decode,0,68,55,0,18,0,1
decode,0,69,56,0,18,0,1
decode,0,70,57,0,18,0,1
decode,0,71,58,0,18,0,1
decode,0,72,59,0,18,0,1
decode,0,73,60,0,18,0,1
decode,0,74,61,0,18,0,1
decode,0,75,62,0,18,0,1
decode,0,76,63,0,18,0,1
decode,0,77,64,0,18,0,1
decode,0,78,65,0,18,0,1
decode,0,79,66,0,18,0,1
decode,0,80,67,0,18,0,1
decode,0,81,69,0,18,0,1
decode,0,82,70,0,18,0,1
decode,0,83,71,0,18,0,1
decode,0,84,72,0,18,0,1
decode,0,85,73,0,18,0,1
decode,0,86,74,0,18,0,1
decode,0,87,75,0,18,0,1
decode,0,88,76,0,18,0,1
decode,0,89,77,0,18,0,1
decode,0,90,78,0,18,0,1
decode,0,91,79,0,18,0,1
decode,0,92,80,0,18,0,1
decode,0,93,81,0,18,0,1
decode,0,94,82,0,18,0,1
decode,0,95,83,0,18,0,1
decode,0,96,84,0,18,0,1
decode,0,97,85,0,18,0,1
decode,0,98,86,0,18,0,1
decode,0,99,87,0,18,0,1
decode,0,100,88,0,18,0,1
decode,0,101,89,0,18,0,1
decode,0,102,90,0,18,0,1
decode,0,103,91,0,18,0,1
decode,0,104,92,0,18,0,1
decode,0,105,93,0,18,0,1
decode,0,106,94,0,18,0,1
decode,0,107,95,0,18,0,1
decode,0,108,96,0,18,0,1
decode,0,109,97,0,18,0,1
decode,0,110,98,0,18,0,1
decode,0,111,99,0,18,0,1
decode,0,112,100,0,18,0,1
decode,0,113,101,0,18,0,1
decode,0,114,102,0,18,0,1
decode,0,115,103,0,18,0,1
decode,0,116,104,0,18,0,1
decode,0,117,105,0,18,0,1
decode,0,118,106,0,18,0,1
decode,0,119,108,0,18,0,1
decode,0,120,109,0,18,0,1
decode,0,121,110,0,18,0,1
decode,0,122,111,0,18,0,1
decode,0,123,112,0,18,0,1
decode,0,124,113,0,18,0,1
decode,0,125,114,0,18,0,1
decode,0,126,115,0,18,0,1
decode,0,127,116,0,18,0,1
decode,0,128,117,0,18,0,1
decode,0,129,118,0,18,0,1
decode,0,130,120,0,18,0,1
decode,0,131,121,0,18,0,1
decode,0,132,122,0,18,0,1
decode,0,133,123,0,18,0,1
decode,0,134,124,0,18,0,1
decode,0,135,125,0,18,0,1
decode,0,136,126,0,18,0,1
decode,0,137,127,0,18,0,1
decode,0,138,128,0,18,0,1
decode,0,139,129,0,18,0,1
decode,0,140,130,0,18,0,1
decode,0,141,131,0,18,0,1
decode,0,142,132,0,18,0,1
decode,0,143,134,0,18,0,1
decode,0,144,136,0,18,0,1
decode,0,145,137,0,18,0,1
decode,0,146,138,0,18,0,1
decode,0,147,139,0,18,0,1
decode,0,148,140,0,18,0,1
decode,0,149,141,0,18,0,1
decode,0,150,142,0,18,0,1
decode,0,151,144,0,18,0,1
decode,0,152,145,0,18,0,1
decode,0,153,146,0,18,0,1
decode,0,154,147,0,18,0,1
decode,0,155,148,0,18,0,1
decode,0,156,149,0,18,0,1
decode,0,157,150,0,18,0,1
decode,0,158,152,0,18,0,1
decode,0,159,154,0,18,0,1
decode,0,160,155,0,18,0,1
decode,0,161,156,0,18,0,1
decode,0,162,157,0,18,0,1
decode,0,163,158,0,18,0,1
decode,0,164,159,0,18,0,1
decode,0,165,160,0,18,0,1
decode,0,166,161,0,18,0,1
decode,0,167,162,0,18,0,1
decode,0,168,163,0,18,0,1
decode,0,169,164,0,18,0,1
decode,0,170,165,0,18,0,1
decode,0,171,166,0,18,0,1
decode,0,172,167,0,18,0,1
decode,0,173,168,0,18,0,1
decode,0,174,169,0,18,0,1
decode,0,175,170,0,18,0,1
decode,0,176,171,0,18,0,1
decode,0,177,172,0,18,0,1
decode,0,178,173,0,18,0,1
decode,0,179,174,0,18,0,1
decode,0,180,175,0,18,0,1
decode,0,181,176,0,18,0,1
decode,0,182,177,0,18,0,1
decode,0,183,178,0,18,0,1
decode,0,184,179,0,18,0,1
decode,0,185,180,0,18,0,1
decode,0,186,183,0,18,0,1
decode,0,187,184,0,18,0,1
decode,0,188,185,0,18,0,1
decode,0,189,186,0,18,0,1
decode,0,190,187,0,18,0,1
decode,0,191,188,0,18,0,1
decode,0,192,189,0,18,0,1
decode,0,193,190,0,18,0,1
decode,0,194,192,0,18,0,1
decode,0,195,193,0,18,0,1
decode,0,196,194,0,18,0,1
decode,0,197,195,0,18,0,1
decode,0,198,196,0,18,0,1
decode,0,199,197,0,18,0,1
decode,0,200,198,0,18,0,1
decode,0,201,199,0,18,0,1
decode,0,202,200,0,18,0,1
decode,0,203,201,0,18,0,1
decode,0,204,202,0,18,0,1
decode,0,205,203,0,18,0,1
decode,0,206,204,0,18,0,1
decode,0,207,205,0,18,0,1
decode,0,208,206,0,18,0,1
decode,0,209,207,0,18,0,1
decode,0,210,208,0,18,0,1
decode,0,211,209,0,18,0,1
decode,0,212,210,0,18,0,1
decode,0,213,211,0,18,0,1
decode,0,214,212,0,18,0,1
decode,0,215,213,0,18,0,1
decode,0,216,214,0,18,0,1
decode,0,217,215,0,18,0,1
decode,0,218,216,0,18,0,1
decode,0,219,217,0,18,0,1
decode,0,220,218,0,18,0,1
decode,0,221,219,0,18,0,1
decode,0,222,220,0,18,0,1
decode,0,223,221,0,18,0,1
decode,0,224,222,0,18,0,1
decode,0,225,223,0,18,0,1
decode,0,226,224,0,18,0,1
decode,0,227,225,0,18,0,1
decode,0,228,227,0,18,0,1
decode,0,229,228,0,18,0,1
decode,0,230,229,0,18,0,1
decode,0,231,230,0,18,0,1
decode,0,232,231,0,18,0,1
decode,0,233,232,0,18,0,1
decode,0,234,233,0,18,0,1
decode,0,235,234,0,18,0,1
decode,0,236,235,0,18,0,1
decode,0,237,236,0,18,0,1
decode,0,238,237,0,18,0,1
decode,0,239,238,0,18,0,1
decode,0,240,239,0,18,0,1
decode,0,241,240,0,18,0,1
decode,0,242,241,0,18,0,1
decode,0,243,242,0,18,0,1
decode,0,244,243,0,18,0,1
decode,0,245,244,0,18,0,1
decode,0,246,245,0,18,0,1
decode,0,247,246,0,18,0,1
decode,0,248,247,0,18,0,1
decode,0,249,248,0,18,0,1
decode,0,250,249,0,18,0,1
decode,0,251,250,0,18,0,1
decode,0,252,251,0,18,0,1
decode,0,253,252,0,18,0,1
decode,0,254,253,0,18,0,1
decode,0,255,254,0,18,0,1
decode,0,256,255,0,18,0,1
decode,1,1,1,1,18,0.0555555555555556,0.0555555555555556
decode,1,2,36,1,18,0.0555555555555556,0.111111111111111
decode,1,3,44,1,18,0.0555555555555556,0.166666666666667
decode,1,4,53,1,18,0.0555555555555556,0.222222222222222
decode,1,5,54,1,18,0.0555555555555556,0.277777777777778
decode,1,6,154,1,18,0.0555555555555556,0.333333333333333
decode,1,7,158,1,18,0.0555555555555556,0.388888888888889
decode,1,8,170,1,18,0.0555555555555556,0.444444444444445
decode,1,9,173,1,18,0.0555555555555556,0.5
decode,1,10,178,1,18,0.0555555555555556,0.555555555555556
decode,1,11,182,1,18,0.0555555555555556,0.611111111111111
decode,1,12,197,1,18,0.0555555555555556,0.666666666666667
decode,1,13,213,1,18,0.0555555555555556,0.722222222222222
decode,1,14,231,1,18,0.0555555555555556,0.777777777777778
decode,1,15,243,1,18,0.0555555555555556,0.833333333333334
decode,1,16,245,1,18,0.0555555555555556,0.888888888888889
decode,1,17,254,1,18,0.0555555555555556,0.944444444444445
decode,1,18,255,1,18,0.0555555555555556,1
decode,1,19,0,0,18,0,1
decode,1,20,2,0,18,0,1
decode,1,21,3,0,18,0,1
decode,1,22,4,0,18,0,1
decode,1,23,5,0,18,0,1
decode,1,24,6,0,18,0,1
decode,1,25,7,0,18,0,1
decode,1,26,8,0,18,0,1
decode,1,27,9,0,18,0,1
decode,1,28,10,0,18,0,1
decode,1,29,11,0,18,0,1
decode,1,30,12,0,18,0,1
decode,1,31,13,0,18,0,1
decode,1,32,14,0,18,0,1
decode,1,33,15,0,18,0,1
decode,1,34,16,0,18,0,1
decode,1,35,17,0,18,0,1
decode,1,36,18,0,18,0,1
decode,1,37,19,0,18,0,1
decode,1,38,20,0,18,0,1
decode,1,39,21,0,18,0,1
decode,1,40,22,0,18,0,1
decode,1,41,23,0,18,0,1
decode,1,42,24,0,18,0,1
decode,1,43,25,0,18,0,1
decode,1,44,26,0,18,0,1
decode,1,45,27,0,18,0,1
decode,1,46,28,0,18,0,1
decode,1,47,29,0,18,0,1
decode,1,48,30,0,18,0,1
decode,1,49,31,0,18,0,1
decode,1,50,32,0,18,0,1
decode,1,51,33,0,18,0,1
decode,1,52,34,0,18,0,1
decode,1,53,35,0,18,0,1
decode,1,54,37,0,18,0,1
decode,1,55,38,0,18,0,1
decode,1,56,39,0,18,0,1
decode,1,57,40,0,18,0,1
decode,1,58,41,0,18,0,1
decode,1,59,42,0,18,0,1
decode,1,60,43,0,18,0,1
decode,1,61,45,0,18,0,1
decode,1,62,46,0,18,0,1
decode,1,63,47,0,18,0,1
decode,1,64,48,0,18,0,1
decode,1,65,49,0,18,0,1
decode,1,66,50,0,18,0,1
decode,1,67,51,0,18,0,1
decode,1,68,52,0,18,0,1
decode,1,69,55,0,18,0,1
decode,1,70,56,0,18,0,1
decode,1,71,57,0,18,0,1
decode,1,72,58,0,18,0,1
decode,1,73,59,0,18,0,1
decode,1,74,60,0,18,0,1
decode,1,75,61,0,18,0,1
decode,1,76,62,0,18,0,1
decode,1,77,63,0,18,0,1
decode,1,78,64,0,18,0,1
decode,1,79,65,0,18,0,1
decode,1,80,66,0,18,0,1
decode,1,81,67,0,18,0,1
decode,1,82,68,0,18,0,1
decode,1,83,69,0,18,0,1
decode,1,84,70,0,18,0,1
decode,1,85,71,0,18,0,1
decode,1,86,72,0,18,0,1
decode,1,87,73,0,18,0,1
decode,1,88,74,0,18,0,1
decode,1,89,75,0,18,0,1
decode,1,90,76,0,18,0,1
decode,1,91,77,0,18,0,1
decode,1,92,78,0,18,0,1
decode,1,93,79,0,18,0,1
decode,1,94,80,0,18,0,1
decode,1,95,81,0,18,0,1
decode,1,96,82,0,18,0,1
decode,1,97,83,0,18,0,1
decode,1,98,84,0,18,0,1
decode,1,99,85,0,18,0,1
decode,1,100,86,0,18,0,1
decode,1,101,87,0,18,0,1
decode,1,102,88,0,18,0,1
decode,1,103,89,0,18,0,1
decode,1,104,90,0,18,0,1
decode,1,105,91,0,18,0,1
decode,1,106,92,0,18,0,1
decode,1,107,93,0,18,0,1
decode,1,108,94,0,18,0,1
decode,1,109,95,0,18,0,1
decode,1,110,96,0,18,0,1
decode,1,111,97,0,18,0,1
decode,1,112,98,0,18,0,1
decode,1,113,99,0,18,0,1
decode,1,114,100,0,18,0,1
decode,1,115,101,0,18,0,1
decode,1,116,102,0,18,0,1
decode,1,117,103,0,18,0,1
decode,1,118,104,0,18,0,1
decode,1,119,105,0,18,0,1
decode,1,120,106,0,18,0,1
decode,1,121,107,0,18,0,1
decode,1,122,108,0,18,0,1
decode,1,123,109,0,18,0,1
decode,1,124,110,0,18,0,1
decode,1,125,111,0,18,0,1
decode,1,126,112,0,18,0,1
decode,1,127,113,0,18,0,1
decode,1,128,114,0,18,0,1
decode,1,129,115,0,18,0,1
decode,1,130,116,0,18,0,1
decode,1,131,117,0,18,0,1
decode,1,132,118,0,18,0,1
decode,1,133,119,0,18,0,1
decode,1,134,120,0,18,0,1
decode,1,135,121,0,18,0,1
decode,1,136,122,0,18,0,1
decode,1,137,123,0,18,0,1
decode,1,138,124,0,18,0,1
decode,1,139,125,0,18,0,1
decode,1,140,126,0,18,0,1
decode,1,141,127,0,18,0,1
decode,1,142,128,0,18,0,1
decode,1,143,129,0,18,0,1
decode,1,144,130,0,18,0,1
decode,1,145,131,0,18,0,1
decode,1,146,132,0,18,0,1
decode,1,147,133,0,18,0,1
decode,1,148,134,0,18,0,1
decode,1,149,135,0,18,0,1
decode,1,150,136,0,18,0,1
decode,1,151,137,0,18,0,1
decode,1,152,138,0,18,0,1
decode,1,153,139,0,18,0,1
decode,1,154,140,0,18,0,1
decode,1,155,141,0,18,0,1
decode,1,156,142,0,18,0,1
decode,1,157,143,0,18,0,1
decode,1,158,144,0,18,0,1
decode,1,159,145,0,18,0,1
decode,1,160,146,0,18,0,1
decode,1,161,147,0,18,0,1
decode,1,162,148,0,18,0,1
decode,1,163,149,0,18,0,1
decode,1,164,150,0,18,0,1
decode,1,165,151,0,18,0,1
decode,1,166,152,0,18,0,1
decode,1,167,153,0,18,0,1
decode,1,168,155,0,18,0,1
decode,1,169,156,0,18,0,1
decode,1,170,157,0,18,0,1
decode,1,171,159,0,18,0,1
decode,1,172,160,0,18,0,1
decode,1,173,161,0,18,0,1
decode,1,174,162,0,18,0,1
decode,1,175,163,0,18,0,1
decode,1,176,164,0,18,0,1
decode,1,177,165,0,18,0,1
decode,1,178,166,0,18,0,1
decode,1,179,167,0,18,0,1
decode,1,180,168,0,18,0,1
decode,1,181,169,0,18,0,1
decode,1,182,171,0,18,0,1
decode,1,183,172,0,18,0,1
decode,1,184,174,0,18,0,1
decode,1,185,175,0,18,0,1
decode,1,186,176,0,18,0,1
decode,1,187,177,0,18,0,1
decode,1,188,179,0,18,0,1
decode,1,189,180,0,18,0,1
decode,1,190,181,0,18,0,1
decode,1,191,183,0,18,0,1
decode,1,192,184,0,18,0,1
decode,1,193,185,0,18,0,1
decode,1,194,186,0,18,0,1
decode,1,195,187,0,18,0,1
decode,1,196,188,0,18,0,1
decode,1,197,189,0,18,0,1
decode,1,198,190,0,18,0,1
decode,1,199,191,0,18,0,1
decode,1,200,192,0,18,0,1
decode,1,201,193,0,18,0,1
decode,1,202,194,0,18,0,1
decode,1,203,195,0,18,0,1
decode,1,204,196,0,18,0,1
decode,1,205,198,0,18,0,1
decode,1,206,199,0,18,0,1
decode,1,207,200,0,18,0,1
decode,1,208,201,0,18,0,1
decode,1,209,202,0,18,0,1
decode,1,210,203,0,18,0,1
decode,1,211,204,0,18,0,1
decode,1,212,205,0,18,0,1
decode,1,213,206,0,18,0,1
decode,1,214,207,0,18,0,1
decode,1,215,208,0,18,0,1
decode,1,216,209,0,18,0,1
decode,1,217,210,0,18,0,1
decode,1,218,211,0,18,0,1
decode,1,219,212,0,18,0,1
decode,1,220,214,0,18,0,1
decode,1,221,215,0,18,0,1
decode,1,222,216,0,18,0,1
decode,1,223,217,0,18,0,1
decode,1,224,218,0,18,0,1
decode,1,225,219,0,18,0,1
decode,1,226,220,0,18,0,1
decode,1,227,221,0,18,0,1
decode,1,228,222,0,18,0,1
decode,1,229,223,0,18,0,1
decode,1,230,224,0,18,0,1
decode,1,231,225,0,18,0,1
decode,1,232,226,0,18,0,1
decode,1,233,227,0,18,0,1
decode,1,234,228,0,18,0,1
decode,1,235,229,0,18,0,1
decode,1,236,230,0,18,0,1
decode,1,237,232,0,18,0,1
decode,1,238,233,0,18,0,1
decode,1,239,234,0,18,0,1
decode,1,240,235,0,18,0,1
decode,1,241,236,0,18,0,1
decode,1,242,237,0,18,0,1
decode,1,243,238,0,18,0,1
decode,1,244,239,0,18,0,1
decode,1,245,240,0,18,0,1
decode,1,246,241,0,18,0,1
decode,1,247,242,0,18,0,1
decode,1,248,244,0,18,0,1
decode,1,249,246,0,18,0,1
decode,1,250,247,0,18,0,1
decode,1,251,248,0,18,0,1
decode,1,252,249,0,18,0,1
decode,1,253,250,0,18,0,1
decode,1,254,251,0,18,0,1
decode,1,255,252,0,18,0,1
decode,1,256,253,0,18,0,1
